<?xml version="1.0" encoding="utf-8" standalone="yes" ?>
<rss version="2.0" xmlns:atom="http://www.w3.org/2005/Atom">
  <channel>
    <title>academia on Jose Luis Pabon Website</title>
    <link>/tags/academia/</link>
    <description>Recent content in academia on Jose Luis Pabon Website</description>
    <generator>Source Themes academia (https://sourcethemes.com/academic/)</generator>
    <language>en-us</language>
    <copyright>©2020 Jose Luis Pabon</copyright>
    <lastBuildDate>Wed, 20 Apr 2016 00:00:00 +0000</lastBuildDate>
    
	    <atom:link href="/tags/academia/index.xml" rel="self" type="application/rss+xml" />
    
    
    <item>
      <title>Math Exercises</title>
      <link>/post/math/</link>
      <pubDate>Wed, 20 Apr 2016 00:00:00 +0000</pubDate>
      
      <guid>/post/math/</guid>
      <description>&lt;p&gt;Here are the files, I hope they help your studying. Any suggestions for edits, typographical mistakes found, comments or suggestions please email me at the contact information found below. Best wishes!&lt;/p&gt;
&lt;ul&gt;
&lt;li&gt;&lt;a href=&#34;files/Jose_Pabon_Complex_Analysis_NJIT_Blackmore_Final_Practice.pdf&#34;&gt;Jose_Pabon_Complex_Analysis_NJIT_Blackmore_Final_Practice.pdf&lt;/a&gt;&lt;/li&gt;
&lt;li&gt;&lt;a href=&#34;files/Jose_Pabon_Complex_Analysis_Qual_NJIT_July_2020vFinal.pdf&#34;&gt;Jose_Pabon_Complex_Analysis_Qual_NJIT_July_2020 vFinal.pdf&lt;/a&gt;&lt;/li&gt;
&lt;li&gt;[Jose_Pabon_Complex_Analysis_NJIT_Contour integrals are invariant under parametrizations.pdf][3]&lt;/li&gt;
&lt;li&gt;[Jose_Pabon_Complex_Analysis_NJIT_Rouche Theorem problem with typo, some integrals.pdf][4]&lt;/li&gt;
&lt;li&gt;[Jose_Pabon_Complex_Analysis_Practice_Qual_NJIT_August_2018.pdf][5]&lt;/li&gt;
&lt;li&gt;[Jose_Pabon_Complex_Analysis_Practice_Qual_NJIT_August_2019.pdf][6]&lt;/li&gt;
&lt;li&gt;[Jose_Pabon_Modeling_and_Methods_of_Applied_Mathematics_Review__and_Qual_Problems_July_3_2020.pdf][7]&lt;/li&gt;
&lt;li&gt;[Jose_Pabon_NJIT_Past_Qual_Exam_Methods_of_Applied_Math_Exam__Prep_2018.pdf][8]&lt;/li&gt;
&lt;li&gt;[Jose_Pabon_NJIT_Past_Qual_Exam__Linear_Algebra_6___11__2020_May_2018.pdf][9]&lt;/li&gt;
&lt;li&gt;[Jose_Pabon_Numerical_Analysis_and_Linear_Algebra_NJIT_Past_Qual_Exam_August2015___May2018_practiced.pdf][10]&lt;/li&gt;
&lt;li&gt;[Jose_Pabon_Numerical_Analysis_NJIT_Past_Qual_Exam_August2018_practiced_5_22_2020.pdf][11]&lt;/li&gt;
&lt;li&gt;[Jose_Pabon_Numerical_Analysis_NJIT_Past_Qual_Exam_August2019_Q6_Cheby_Poly_practice_6_3_2020.pdf][12]&lt;/li&gt;
&lt;li&gt;[Jose_Pabon_Numerical_Analysis_NJIT_Past_Qual_Exam_May2018__practiced_on_5_28_2020.pdf][13]&lt;/li&gt;
&lt;li&gt;[Jose_Pabon_Numerical_Analysis_NJIT_Past_Qual_Exam_practice_August_2018_Problem_6_Polynomial_division.pdf][13]&lt;/li&gt;
&lt;li&gt;[Jose_Pabon_Numerical_Analysis_NJIT_Past_Qual_Exam__Linear_Algebra_6___8__2020_August_2018_only_prob_3.pdf][14]&lt;/li&gt;
&lt;li&gt;[Jose_Pabon___Numerical_Analysis_Outline_review.pdf][15]&lt;/li&gt;
&lt;/ul&gt;
</description>
    </item>
    
  </channel>
</rss>
