[{"authors":["admin"],"categories":null,"content":"I am a Ph.D. candidate at Mathematical Sciences Department at New Jersey Institute of Technology. I graduated as an A.B. student with concentration in the Mathematics Department at Princeton University, as well as certificate programs in the Center for Information Technology Policy’s Technology and Society Track and also the Program in Latin American Studies History and Society Track. My advisors were Prof. Miklos Racz and Fernando Codá Marques. For high school, I attended the Academia del Perpetuo Socorro in my native homeland island of Puerto Rico.\nMy research interests include applications of game theory for problem scenarios such as extensive games in the global cryptocurrency market. Currently, I am studying game theoretic models and I am learning about artificial intelligence and related computing subjects.\nI have received numerous accolades for my distinguished service during my extended tour of duty in the network operations and information technology sectors of the enterprise grade telecommunications industry field. These recognitions include BroadWorks Certified Operational Engineer for Voice over I.P. and Cloud-based unified communications platforms, Computing Technology Industry Association (CompTIA) Network Plus Administration as well as ATT Six Sigma program Black Belt Program.\nOutside of research, I am a proud father of two wonderful children and thus I have no time for anything else. Please send help. I also an active participant in The Princeton Aquinas Institute, the catholic community at Princeton, as well as the Newman Centers for U. Penn and N.J.I.T. Newark.\nHere is my CV.\nAre you looking for information on expositions I\u0026rsquo;ve composed regarding past Ph.D. exams? then click here.\n","date":1579478400,"expirydate":-62135596800,"kind":"term","lang":"en","lastmod":1597881600,"objectID":"2525497d367e79493fd32b198b28f040","permalink":"https://web.njit.edu/~jlp43/authors/admin/","publishdate":"0001-01-01T00:00:00Z","relpermalink":"/~jlp43/authors/admin/","section":"authors","summary":"I am a Ph.D. candidate at Mathematical Sciences Department at New Jersey Institute of Technology. I graduated as an A.B. student with concentration in the Mathematics Department at Princeton University, as well as certificate programs in the Center for Information Technology Policy’s Technology and Society Track and also the Program in Latin American Studies History and Society Track. My advisors were Prof. Miklos Racz and Fernando Codá Marques. For high school, I attended the Academia del Perpetuo Socorro in my native homeland island of Puerto Rico.","tags":null,"title":"Jose Luis Pabon","type":"authors"},{"authors":["Jose Luis Pabon"],"categories":[],"content":"Here are the files, I hope they help your studying. Any suggestions for edits, typographical mistakes found, comments or suggestions please email me at the contact information found below. Best wishes!\n Jose_Pabon_Complex_Analysis_NJIT_Blackmore_Final_Practice.pdf Jose_Pabon_Complex_Analysis_Qual_NJIT_July_2020 vFinal.pdf Jose_Pabon_Complex_Analysis_NJIT_Contour integrals are invariant under parametrizations.pdf Jose_Pabon_Complex_Analysis_NJIT_Rouche Theorem problem with typo, some integrals.pdf Jose_Pabon_Complex_Analysis_Practice_Qual_NJIT_August_2018.pdf Jose_Pabon_Complex_Analysis_Practice_Qual_NJIT_August_2019.pdf Jose_Pabon_Modeling_and_Methods_of_Applied_Mathematics_Review__and_Qual_Problems_July_3_2020.pdf Jose_Pabon_NJIT_Past_Qual_Exam_Methods_of_Applied_Math_Exam__Prep_2018.pdf Jose_Pabon_NJIT_Past_Qual_Exam__Linear_Algebra_6___11__2020_May_2018.pdf Jose_Pabon_Numerical_Analysis_and_Linear_Algebra_NJIT_Past_Qual_Exam_August2015___May2018_practiced.pdf Jose_Pabon_Numerical_Analysis_NJIT_Past_Qual_Exam_August2018_practiced_5_22_2020.pdf Jose_Pabon_Numerical_Analysis_NJIT_Past_Qual_Exam_August2019_Q6_Cheby_Poly_practice_6_3_2020.pdf Jose_Pabon_Numerical_Analysis_NJIT_Past_Qual_Exam_May2018__practiced_on_5_28_2020.pdf Jose_Pabon_Numerical_Analysis_NJIT_Past_Qual_Exam_practice_August_2018_Problem_6_Polynomial_division.pdf Jose_Pabon_Numerical_Analysis_NJIT_Past_Qual_Exam__Linear_Algebra_6___8__2020_August_2018_only_prob_3.pdf Jose_Pabon___Numerical_Analysis_Outline_review.pdf  ","date":1579478400,"expirydate":-62135596800,"kind":"page","lang":"en","lastmod":1597881600,"objectID":"b54f9abb3852cc619d0ee5270cd73957","permalink":"https://web.njit.edu/~jlp43/post/math/","publishdate":"2020-01-20T00:00:00Z","relpermalink":"/~jlp43/post/math/","section":"post","summary":"These are the exercises for my graduate courses.","tags":["academia","math"],"title":"Math Exercises","type":"post"}]