<?xml version="1.0" encoding="utf-8" standalone="yes" ?>
<rss version="2.0" xmlns:atom="http://www.w3.org/2005/Atom">
  <channel>
    <title>Jose Luis Pabon Website</title>
    <link>https://web.njit.edu/~jlp43/</link>
    <description>Recent content on Jose Luis Pabon Website</description>
    <generator>Source Themes academia (https://sourcethemes.com/academic/)</generator>
    <language>en-us</language>
    <copyright>©2020 Jose Luis Pabon</copyright>
    <lastBuildDate>Mon, 20 Jan 2020 00:00:00 +0000</lastBuildDate>
    
	    <atom:link href="https://web.njit.edu/~jlp43/index.xml" rel="self" type="application/rss+xml" />
    
    
    <item>
      <title>Posts</title>
      <link>https://web.njit.edu/~jlp43/post/</link>
      <pubDate>Mon, 20 Jan 2020 00:00:00 +0000</pubDate>
      
      <guid>https://web.njit.edu/~jlp43/post/</guid>
      <description></description>
    </item>
    
  </channel>
</rss>
