<?xml version="1.0" encoding="utf-8" standalone="yes" ?>
<rss version="2.0" xmlns:atom="http://www.w3.org/2005/Atom">
  <channel>
    <title>Tags on Jose Luis Pabon Website</title>
    <link>/tags/</link>
    <description>Recent content in Tags on Jose Luis Pabon Website</description>
    <generator>Source Themes academia (https://sourcethemes.com/academic/)</generator>
    <language>en-us</language>
    <copyright>©2020 Jose Luis Pabon</copyright>
    <lastBuildDate>Mon, 20 Jan 2020 00:00:00 +0000</lastBuildDate>
    
	    <atom:link href="/tags/index.xml" rel="self" type="application/rss+xml" />
    
    
    <item>
      <title>academia</title>
      <link>/tags/academia/</link>
      <pubDate>Mon, 20 Jan 2020 00:00:00 +0000</pubDate>
      
      <guid>/tags/academia/</guid>
      <description></description>
    </item>
    
    <item>
      <title>math</title>
      <link>/tags/math/</link>
      <pubDate>Mon, 20 Jan 2020 00:00:00 +0000</pubDate>
      
      <guid>/tags/math/</guid>
      <description></description>
    </item>
    
  </channel>
</rss>
