<?xml version="1.0" encoding="utf-8" standalone="yes" ?>
<rss version="2.0" xmlns:atom="http://www.w3.org/2005/Atom">
  <channel>
    <title>Categories on Jose Luis Pabon Website</title>
    <link>/categories/</link>
    <description>Recent content in Categories on Jose Luis Pabon Website</description>
    <generator>Source Themes academia (https://sourcethemes.com/academic/)</generator>
    <language>en-us</language>
    <copyright>©2020 Jose Luis Pabon</copyright>
    
	    <atom:link href="/categories/index.xml" rel="self" type="application/rss+xml" />
    
    
  </channel>
</rss>
